{
    "age_10_100": {
        "AUC": {
            "10-19": 0.9719251336898396,
            "20-29": 0.933998209947577,
            "30-39": 0.932716049382716,
            "40-49": 0.9001108559664265,
            "50-59": 0.8536562470665541,
            "60-69": 0.9055137844611528,
            "70-79": 0.8857089060440594,
            "80-89": 0.8803827751196173,
            "90-99": "",
            "Unknown": 0.5031055900621118
        },
        "Sensitivity (Recall)": {
            "10-19": 1.0,
            "20-29": 0.9936708860759493,
            "30-39": 0.9973544973544973,
            "40-49": 0.9884393063583815,
            "50-59": 0.9779874213836478,
            "60-69": 0.9857142857142858,
            "70-79": 0.9380530973451328,
            "80-89": 0.9090909090909091,
            "90-99": 0.0,
            "Unknown": 0.0
        },
        "Specificity": {
            "10-19": 0.4411764705882353,
            "20-29": 0.41818181818181815,
            "30-39": 0.4666666666666667,
            "40-49": 0.5616438356164384,
            "50-59": 0.3283582089552239,
            "60-69": 0.38596491228070173,
            "70-79": 0.3829787234042553,
            "80-89": 0.47368421052631576,
            "90-99": "",
            "Unknown": 1.0
        },
        "Precision": {
            "10-19": 0.822429906542056,
            "20-29": 0.8306878306878307,
            "30-39": 0.824945295404814,
            "40-49": 0.9144385026737968,
            "50-59": 0.8735955056179775,
            "60-69": 0.887459807073955,
            "70-79": 0.7851851851851852,
            "80-89": 0.6666666666666666,
            "90-99": 0.0,
            "Unknown": 0.0
        },
        "False Positive Rate": {
            "10-19": 0.5588235294117647,
            "20-29": 0.5818181818181818,
            "30-39": 0.5333333333333333,
            "40-49": 0.4383561643835616,
            "50-59": 0.6716417910447762,
            "60-69": 0.6140350877192983,
            "70-79": 0.6170212765957447,
            "80-89": 0.5263157894736842,
            "90-99": "",
            "Unknown": ""
        },
        "False Negative Rate": {
            "10-19": 0.0,
            "20-29": 0.006329113924050633,
            "30-39": 0.0026455026455026454,
            "40-49": 0.011560693641618497,
            "50-59": 0.0220125786163522,
            "60-69": 0.014285714285714285,
            "70-79": 0.061946902654867256,
            "80-89": 0.09090909090909091,
            "90-99": "",
            "Unknown": ""
        }
    },
    "imd_bin": {
        "AUC": {
            "1-2": 0.9267990604313475,
            "3-4": 0.9075650950035186,
            "5-6": 0.9183515974687452,
            "7-8": 0.8737465356512976,
            "9-10": 0.9076923076923077,
            "OutOfRange": 0.875,
            "Unknown": 0.5031055900621118
        },
        "Sensitivity (Recall)": {
            "1-2": 0.9932735426008968,
            "3-4": 0.9844827586206897,
            "5-6": 0.9952153110047847,
            "7-8": 0.9761904761904762,
            "9-10": 0.9740932642487047,
            "OutOfRange": 1.0,
            "Unknown": 0.0
        },
        "Specificity": {
            "1-2": 0.45714285714285713,
            "3-4": 0.46258503401360546,
            "5-6": 0.4274193548387097,
            "7-8": 0.4,
            "9-10": 0.4307692307692308,
            "OutOfRange": 0.0,
            "Unknown": 1.0
        },
        "Precision": {
            "1-2": 0.886,
            "3-4": 0.8784615384615385,
            "5-6": 0.8542094455852156,
            "7-8": 0.8541666666666666,
            "9-10": 0.7175572519083969,
            "OutOfRange": 0.6666666666666666,
            "Unknown": 0.0
        },
        "False Positive Rate": {
            "1-2": 0.5428571428571428,
            "3-4": 0.5374149659863946,
            "5-6": 0.5725806451612904,
            "7-8": 0.6,
            "9-10": 0.5692307692307692,
            "OutOfRange": "",
            "Unknown": ""
        },
        "False Negative Rate": {
            "1-2": 0.006726457399103139,
            "3-4": 0.015517241379310345,
            "5-6": 0.004784688995215311,
            "7-8": 0.023809523809523808,
            "9-10": 0.025906735751295335,
            "OutOfRange": "",
            "Unknown": ""
        }
    },
    "sex": {
        "AUC": {
            "F": 0.9045411612646649,
            "M": 0.9210316878081747,
            "Unknown": 0.5031055900621118
        },
        "Sensitivity (Recall)": {
            "F": 0.9803738317757009,
            "M": 0.9926238145416227,
            "Unknown": 0.0
        },
        "Specificity": {
            "F": 0.4308510638297872,
            "M": 0.4430379746835443,
            "Unknown": 1.0
        },
        "Precision": {
            "F": 0.8305621536025336,
            "M": 0.8770949720670391,
            "Unknown": 0.0
        },
        "False Positive Rate": {
            "F": 0.5691489361702128,
            "M": 0.5569620253164557,
            "Unknown": ""
        },
        "False Negative Rate": {
            "F": 0.019626168224299065,
            "M": 0.007376185458377239,
            "Unknown": ""
        }
    },
    "ethnicity": {
        "AUC": {
            "African": 0.7575757575757576,
            "Asian": 0.8250000000000001,
            "Not Asked": 0.9170724284844796,
            "Unknown": 0.3348861283643892,
            "White": 0.910800681431005
        },
        "Sensitivity (Recall)": {
            "African": 0.9545454545454546,
            "Asian": 0.9910714285714286,
            "Not Asked": 1.0,
            "Unknown": 0.0,
            "White": 0.9852356615559341
        },
        "Specificity": {
            "African": 0.16666666666666666,
            "Asian": 0.25,
            "Not Asked": 0.5,
            "Unknown": 1.0,
            "White": 0.42526315789473684
        },
        "Precision": {
            "African": 0.8076923076923077,
            "Asian": 0.8809523809523809,
            "Not Asked": 0.7005649717514124,
            "Unknown": 0.0,
            "White": 0.8640438247011952
        },
        "False Positive Rate": {
            "African": 0.8333333333333334,
            "Asian": 0.75,
            "Not Asked": 0.5,
            "Unknown": "",
            "White": 0.5747368421052632
        },
        "False Negative Rate": {
            "African": 0.045454545454545456,
            "Asian": 0.008928571428571428,
            "Not Asked": 0.0,
            "Unknown": "",
            "White": 0.014764338444065871
        }
    }
}
