{
    "age_10_100": {
        "AUC": {
            "10-19": 0.9675802139037434,
            "20-29": 0.8960747853995261,
            "30-39": 0.9016284012858573,
            "40-49": 0.8491493886230729,
            "50-59": 0.825404491668679,
            "60-69": 0.8139269406392694,
            "70-79": 0.8291552197802198,
            "80-89": 0.8961352657004831,
            "90-99": NaN,
            "Unknown": 0.5
        },
        "Sensitivity (Recall)": {
            "10-19": 1.0,
            "20-29": 0.9873150105708245,
            "30-39": 0.9946949602122016,
            "40-49": 0.9941520467836257,
            "50-59": 0.9900990099009901,
            "60-69": 0.9848484848484849,
            "70-79": 0.9711538461538461,
            "80-89": 1.0,
            "90-99": 0.0,
            "Unknown": 0.0
        },
        "Specificity": {
            "10-19": 0.4411764705882353,
            "20-29": 0.42168674698795183,
            "30-39": 0.46357615894039733,
            "40-49": 0.5194805194805194,
            "50-59": 0.34146341463414637,
            "60-69": 0.3287671232876712,
            "70-79": 0.35714285714285715,
            "80-89": 0.43478260869565216,
            "90-99": NaN,
            "Unknown": 1.0
        },
        "Precision": {
            "10-19": 0.822429906542056,
            "20-29": 0.8294849023090586,
            "30-39": 0.8223684210526315,
            "40-49": 0.9018567639257294,
            "50-59": 0.847457627118644,
            "60-69": 0.8414239482200647,
            "70-79": 0.7372262773722628,
            "80-89": 0.5806451612903226,
            "90-99": 0.0,
            "Unknown": 0.0
        },
        "False Positive Rate": {
            "10-19": 0.5588235294117647,
            "20-29": 0.5783132530120482,
            "30-39": 0.5364238410596026,
            "40-49": 0.4805194805194805,
            "50-59": 0.6585365853658537,
            "60-69": 0.6712328767123288,
            "70-79": 0.6428571428571429,
            "80-89": 0.5652173913043478,
            "90-99": NaN,
            "Unknown": NaN
        },
        "False Negative Rate": {
            "10-19": 0.0,
            "20-29": 0.012684989429175475,
            "30-39": 0.005305039787798408,
            "40-49": 0.005847953216374269,
            "50-59": 0.009900990099009901,
            "60-69": 0.015151515151515152,
            "70-79": 0.028846153846153848,
            "80-89": 0.0,
            "90-99": NaN,
            "Unknown": NaN
        }
    },
    "imd_bin": {
        "AUC": {
            "1-2": 0.9033374283374282,
            "3-4": 0.8726027103064665,
            "5-6": 0.8776512322628828,
            "7-8": 0.8307553790747068,
            "9-10": 0.8532899921197794,
            "OutOfRange": 0.75,
            "Unknown": 0.5
        },
        "Sensitivity (Recall)": {
            "1-2": 0.9931818181818182,
            "3-4": 0.9910873440285205,
            "5-6": 0.9951456310679612,
            "7-8": 0.9807692307692307,
            "9-10": 0.9840425531914894,
            "OutOfRange": 1.0,
            "Unknown": 0.0
        },
        "Specificity": {
            "1-2": 0.44144144144144143,
            "3-4": 0.45180722891566266,
            "5-6": 0.4307692307692308,
            "7-8": 0.36134453781512604,
            "9-10": 0.4074074074074074,
            "OutOfRange": 0.0,
            "Unknown": 1.0
        },
        "Precision": {
            "1-2": 0.875751503006012,
            "3-4": 0.8593508500772797,
            "5-6": 0.8471074380165289,
            "7-8": 0.8244803695150116,
            "9-10": 0.6981132075471698,
            "OutOfRange": 0.6666666666666666,
            "Unknown": 0.0
        },
        "False Positive Rate": {
            "1-2": 0.5585585585585585,
            "3-4": 0.5481927710843374,
            "5-6": 0.5692307692307692,
            "7-8": 0.6386554621848739,
            "9-10": 0.5925925925925926,
            "OutOfRange": NaN,
            "Unknown": NaN
        },
        "False Negative Rate": {
            "1-2": 0.006818181818181818,
            "3-4": 0.008912655971479501,
            "5-6": 0.0048543689320388345,
            "7-8": 0.019230769230769232,
            "9-10": 0.015957446808510637,
            "OutOfRange": NaN,
            "Unknown": NaN
        }
    },
    "sex": {
        "AUC": {
            "F": 0.8650770345822467,
            "M": 0.8862653520152223,
            "Unknown": 0.5
        },
        "Sensitivity (Recall)": {
            "F": 0.9873663751214772,
            "M": 0.9925531914893617,
            "Unknown": 0.0
        },
        "Specificity": {
            "F": 0.41007194244604317,
            "M": 0.4349593495934959,
            "Unknown": 1.0
        },
        "Precision": {
            "F": 0.8050713153724247,
            "M": 0.8703358208955224,
            "Unknown": 0.0
        },
        "False Positive Rate": {
            "F": 0.5899280575539568,
            "M": 0.5650406504065041,
            "Unknown": NaN
        },
        "False Negative Rate": {
            "F": 0.012633624878522837,
            "M": 0.007446808510638298,
            "Unknown": NaN
        }
    },
    "ethnicity": {
        "AUC": {
            "African": 0.7551020408163266,
            "Asian": 0.8070247933884298,
            "Not Asked": 0.9058582174606793,
            "Unknown": 0.33333333333333337,
            "White": 0.8680458638075467
        },
        "Sensitivity (Recall)": {
            "African": 1.0,
            "Asian": 1.0,
            "Not Asked": 0.975609756097561,
            "Unknown": 0.0,
            "White": 0.9900874635568513
        },
        "Specificity": {
            "African": 0.14285714285714285,
            "Asian": 0.22727272727272727,
            "Not Asked": 0.4953271028037383,
            "Unknown": 1.0,
            "White": 0.4088291746641075
        },
        "Precision": {
            "African": 0.7777777777777778,
            "Asian": 0.8661417322834646,
            "Not Asked": 0.6896551724137931,
            "Unknown": 0.0,
            "White": 0.8464606181455633
        },
        "False Positive Rate": {
            "African": 0.8571428571428571,
            "Asian": 0.7727272727272727,
            "Not Asked": 0.5046728971962616,
            "Unknown": NaN,
            "White": 0.5911708253358925
        },
        "False Negative Rate": {
            "African": 0.0,
            "Asian": 0.0,
            "Not Asked": 0.024390243902439025,
            "Unknown": NaN,
            "White": 0.009912536443148687
        }
    }
}